group_id,description_identical,Ad List,description,Bedroom,Bathroom,Property Size,Nearby School,Nearby Mall,Category,Facilities,Building Name,Developer,Tenure Type,Address,Completion Year,# of Floors,Total Units,Property Type,Parking Lot,Floor Range,Land Title,Firm Type,Firm Number,REN Number,Bus Stop,Mall,Park,School,Hospital,price,Highway,Nearby Railway Station,Railway Station
0,True,92021859,"~~REAL ADVERTISEMENT~~
MELODY HOMES@FARLIM FOR SALE
- Freehold / 永久地契
- 750sq.ft / 方尺
- 3 bedroom / 卧室
- 2 bathroom / 浴室
- 1 Carpark / 停车位
- Basic Fittings only / 基本装修
- Well Maintained Condition / 屋子整洁干净
- Currently asking RM330k only !!! / 现在只需RM330千!!!
NEARBY CHUNG LING HIGH SCHOOL, BOULEVARD, GREENLANE MCD, BL AVENUE, ALL SEASON PLACE ETC.
No fishing & Real advertisement / 只打真实单位和广告
Viewing anytime with few hours appointment earlier / 可以提早安排看屋
Different units available on hand/ 多种单位选
For more info, kindly contact Max Lee 
Show contact number
预知更多详情，请联络 Max李銘璇 
Show contact number
WhatsApp: https://wa.me/6
Show contact number
Continue Reading",3,2,750 sq.ft.,,,"Apartment / Condominium, For sale","Jogging Track, Security, Swimming Pool, Playground, Gymnasium, Barbeque area, Parking, Multipurpose hall, Lift",Melody Homes,Belleview Group,Freehold,"Lebuhraya Thean Teik, Farlim,, Ayer Itam, Penang",2012,30,500,Apartment,1,High,Non Bumi Lot,E,31706,,,,,,,RM 330 000,,,
0,True,101898183,"~~REAL ADVERTISEMENT~~
MELODY HOMES@FARLIM FOR SALE
- Freehold / 永久地契
- 750sq.ft / 方尺
- 3 bedroom / 卧室
- 2 bathroom / 浴室
- 1 Carpark / 停车位
- Basic Fittings only / 基本装修
- Well Maintained Condition / 屋子整洁干净
- Currently asking RM330k only !!! / 现在只需RM330千!!!
NEARBY CHUNG LING HIGH SCHOOL, BOULEVARD, GREENLANE MCD, BL AVENUE, ALL SEASON PLACE ETC.
No fishing & Real advertisement / 只打真实单位和广告
Viewing anytime with few hours appointment earlier / 可以提早安排看屋
Different units available on hand/ 多种单位选
For more info, kindly contact Max Lee 
Show contact number
预知更多详情，请联络 Max李銘璇 
Show contact number
WhatsApp: https://wa.me/6
Show contact number
Continue Reading",3,2,750 sq.ft.,,,"Apartment / Condominium, For sale","Jogging Track, Security, Swimming Pool, Playground, Gymnasium, Barbeque area, Parking, Multipurpose hall, Lift",Melody Homes,Belleview Group,Freehold,"Lebuhraya Thean Teik, Farlim,, Ayer Itam, Penang",2012,30,500,Apartment,1,High,Non Bumi Lot,E,31706,,,,,,,RM 330 000,,,
1,True,94044194,"Low Deposit Can Apply Loan
Full Loan Unit
For Sale : RM380k
Address : Pelita Indah Condominium, Jalan Pelita, Wadi Hana, 80300 Johor Bahru, Johor
Type : Condominium
Unit type : Intermediate
Property title : Non bumi
Tenure : Freehold
Bedroom : 3
Bathroom : 2
Built up : 1200
Furnishing : Unfurnished
Renovation :
Facing : 
Direction :
G&G : Yes
Car park : 1
Maintenance fee : 
(No Cobrokre)
REN 54634
Vigor properties
Please Call & Whatapp 
Show contact number
 Bryan Ng
Continue Reading",3,2,1200 sq.ft.,,,"Apartment / Condominium, For sale","Security, Swimming Pool, Lift, Playground, Parking",Pelita Indah Condominium,Symphony Life Berhad,Freehold,"Jalan Pelita, Johor Bahru, Johor",,,,Condominium,1,High,Non Bumi Lot,AE,31777,REN 07308,,,,,,RM 380 000,,,
1,True,103450483,"Low Deposit Can Apply Loan
Full Loan Unit
For Sale : RM380k
Address : Pelita Indah Condominium, Jalan Pelita, Wadi Hana, 80300 Johor Bahru, Johor
Type : Condominium
Unit type : Intermediate
Property title : Non bumi
Tenure : Freehold
Bedroom : 3
Bathroom : 2
Built up : 1200
Furnishing : Unfurnished
Renovation :
Facing : 
Direction :
G&G : Yes
Car park : 1
Maintenance fee : 
(No Cobrokre)
REN 54634
Vigor properties
Please Call & Whatapp 
Show contact number
 Bryan Ng
Continue Reading",3,2,1200 sq.ft.,,,"Apartment / Condominium, For sale","Security, Swimming Pool, Lift, Playground, Parking",Pelita Indah Condominium,Symphony Life Berhad,Freehold,"Jalan Pelita, Johor Bahru, Johor",,,,Condominium,1,High,Non Bumi Lot,AE,31777,REN 07308,,,,,,RM 380 000,,,
2,False,100249876,"100% LOAN,  Samajaya Apartment Muara Tabuan, 3rd Floor
Call/Whatapps MR. TAN @ 
Show contact number
3Room 2Bathroom
- 3rd Floor
- 632 Square Feet
🚀🚀🚀100% Loan untuk customer yang layak🚀🚀🚀
🚀🚀🚀FREE CHECK LOAN KELAYAKAN🚀🚀🚀
Price: RM250,000
- Monthly RM1,190 (100% Loan 35 Tahun)
- Loan will be Arranged
- EPF withdrawal can be Arranged
Document to ready:
- IC
- Latest 3 month salary slip
- Latest 3 month bank statement
- Latest EPF statement
Please Call/Whatapps 
Show contact number
Continue Reading",3,2,632 sq.ft.,,,"Apartment / Condominium, For sale","Security, Parking",Samajaya Apartment,,Leasehold,"Sama Jaya Free Industrial Zone, Kuching, Sarawak",,4,,Apartment,,High,Non Bumi Lot,,,,,,,,,RM 250 000,,,
2,False,100288529,"100% LOAN, SAMAJAYA Apartment, Muara Tabuan
Samajaya Apartment
Call/Whatapps MR. TAN @ 
Show contact number
3Room 2Bathroom
- 3rd Floor
- 632 Square Feet
🚀🚀🚀100% Loan for entitled customer🚀🚀🚀
🚀🚀🚀FREE CHECK LOAN ENTITLEMENT🚀🚀🚀
Price: RM250,000
- Monthly RM1,200 (100% Loan 35 Year)
- Loan will be Arranged
- EPF withdrawal can be Arranged
Document to ready:
- IC
- Latest 3 month salary slip
- Latest 3 month bank statement
- Latest EPF statement
Please Call/Whatapps 
Show contact number
Continue Reading",3,2,632 sq.ft.,,,"Apartment / Condominium, For sale","Security, Parking",Samajaya Apartment,,Leasehold,"Sama Jaya Free Industrial Zone, Kuching, Sarawak",,4,,Apartment,,High,Non Bumi Lot,,,,,,,,,RM 250 000,,,
3,False,101547589,"for sale
Desa skudai apartment
size 1184sf
3 bedroom 2 bathroom
Partial furnished
Freehold
Non bumi lot
Asking price Rm338k nego
Call 
Show contact number
 Annie Chin (Mabest Properties) REN04195",3,2,1184 sq.ft.,,,"Apartment / Condominium, For sale",,Desa Skudai Apartment,,Freehold,"Jalan Sejahtera 1, Skudai, Johor",,,,Apartment,,,Non Bumi Lot,E,01648,REN 04195,,,,,,RM 338 000,,,
3,False,102709083,"for sale (Rm338k)
Desa Skudai Apartment
3 bedroom 2 bathroom
size 1184sf
Freehold
Non bumi lot
😍fully new renovation
😍near UTM and Aeon
Selling price Rm338k nego
call 
Show contact number
 annie 
Mabest Properties 
REN04195 
👆👆👆👆👆",3,2,1184 sq.ft.,,,"Apartment / Condominium, For sale",,Desa Skudai Apartment,,Freehold,"Jalan Sejahtera 1, Skudai, Johor",,,,Apartment,,,Non Bumi Lot,E,01648,REN 04195,,,,,,RM 338 000,,,
4,True,101960423,"https://kyddmudah.wasap.my/
Freehold Investment/Ownstay Condo
Type 1: Studio
Type 2: 2 Room
Type 3: 3 Room
Type 4 : 4 Room
【READY TENANTS & HIGH RENTAL INCOME】
**RENTAL COVER INSTALLMENT**
**Rental management team service provided**
Monthly Installment: RM900++
Monthly Rental: RM1600-3000++
Fully furnished unit
5 star facilities available to use
Guarded area
【Strategic Location】
- Beside Malaysia Biggest University&Mall
- Doorsteps to 120 shoplots (KFC, MCD, Starbucks, Tealive etc)
- 1 min to LRT&MRT
- 500m to 3 main highway
【Kydd – 
Show contact number
】
https://kyddmudah.wasap.my/
https://kyddmudah.wasap.my/
All pictures shown are for illustration purpose only.
Continue Reading",2,1,550 sq.ft.,,,"Apartment / Condominium, For sale","Parking, Security, Lift, Swimming Pool, Playground, Gymnasium, Sauna, Barbeque area, Minimart, Multipurpose hall, Club house, Jogging Track, Tennis Court, Squash Court",Selangor » Cyberjaya,,Freehold,"Selangor » Cyberjaya, Selangor, Cyberjaya",,,,Condominium,2,High,Bumi Lot,E,11307,REN 17170,,,,,,RM 198 000,,,
4,True,102904007,"https://kyddmudah.wasap.my/
Freehold Investment/Ownstay Condo
Type 1: Studio
Type 2: 2 Room
Type 3: 3 Room
Type 4 : 4 Room
【READY TENANTS & HIGH RENTAL INCOME】
**RENTAL COVER INSTALLMENT**
**Rental management team service provided**
Monthly Installment: RM900++
Monthly Rental: RM1600-3000++
Fully furnished unit
5 star facilities available to use
Guarded area
【Strategic Location】
- Beside Malaysia Biggest University&Mall
- Doorsteps to 120 shoplots (KFC, MCD, Starbucks, Tealive etc)
- 1 min to LRT&MRT
- 500m to 3 main highway
【Kydd – 
Show contact number
】
https://kyddmudah.wasap.my/
https://kyddmudah.wasap.my/
All pictures shown are for illustration purpose only.
Continue Reading",2,1,550 sq.ft.,,,"Apartment / Condominium, For sale","Parking, Security, Lift, Swimming Pool, Playground, Gymnasium, Sauna, Barbeque area, Minimart, Multipurpose hall, Club house, Jogging Track, Tennis Court, Squash Court",Selangor » Cyberjaya,,Freehold,"Selangor » Cyberjaya, Selangor, Cyberjaya",,,,Condominium,2,High,Bumi Lot,E,11307,REN 17170,,,,,,RM 198 000,,,
5,True,102229930,"ALAM PRIMA APARTMENT @ SHAH ALAM
FOR SALE - RM 295,000
3 ROOM + 2 BATHROOM
850 sf
FREEHOLD
NON BUMI LOT
WELL KEPT & MOVE IN CONDITION
Appreciate to view with appointment !!!
Call Dylan 
Show contact number
Call Dylan 
Show contact number
Call Dylan 
Show contact number
Full Loan OR CashBack CAN BE ARRANGE !!!
Full Loan OR CashBack CAN BE ARRANGE !!!
Full Loan OR CashBack CAN BE ARRANGE !!!
Please: Call/SMS/WhatsApp/Email for more information
Continue Reading
PROPERTY HIGHLIGHTS
NEW!
Bedroom
3
Bathroom
2
Property Size
850 sq.ft.
See more details",3,2,850 sq.ft.,,,"Apartment / Condominium, For sale","Security, Swimming Pool, Multipurpose hall, Parking, Lift",Alam Prima,Syarikat Perumahan Negara Berhad,Freehold,"No. 6 Jalan Budiman 22/3, Seksyen 22,, Shah Alam, Selangor",2010,435,435,Apartment,1,,Non Bumi Lot,E,31484,REN 31432,"Bus Stop at Persiaran Jubli Perak 5
Bus Stop at Seksyen 15 (Timur)
Bus Stop at Batu Tiga Federal Highway
Bus Stop at Persiaran Teknologi 1
Bus Stop at Federal Highway 4
Bus Stop at Persiaran Teknologi 2",,"Park at Section 21, Shah Alam
Park at Taman Mutiara Subang, Batu Tiga",,MSU Medical Centre,RM 295 000,,,
5,True,102999145,"ALAM PRIMA APARTMENT @ SHAH ALAM
FOR SALE - RM 295,000
3 ROOM + 2 BATHROOM
850 sf
FREEHOLD
NON BUMI LOT
WELL KEPT & MOVE IN CONDITION
Appreciate to view with appointment !!!
Call Dylan 
Show contact number
Call Dylan 
Show contact number
Call Dylan 
Show contact number
Full Loan OR CashBack CAN BE ARRANGE !!!
Full Loan OR CashBack CAN BE ARRANGE !!!
Full Loan OR CashBack CAN BE ARRANGE !!!
Please: Call/SMS/WhatsApp/Email for more information
Continue Reading
PROPERTY HIGHLIGHTS
NEW!
Bedroom
3
Bathroom
2
Property Size
850 sq.ft.
See more details",3,2,850 sq.ft.,,,"Apartment / Condominium, For sale","Security, Swimming Pool, Multipurpose hall, Parking, Lift",Alam Prima,Syarikat Perumahan Negara Berhad,Freehold,"No. 6 Jalan Budiman 22/3, Seksyen 22,, Shah Alam, Selangor",2010,435,435,Apartment,1,,Non Bumi Lot,E,31484,REN 31432,"Bus Stop at Persiaran Jubli Perak 5
Bus Stop at Seksyen 15 (Timur)
Bus Stop at Batu Tiga Federal Highway
Bus Stop at Persiaran Teknologi 1
Bus Stop at Federal Highway 4
Bus Stop at Persiaran Teknologi 2",,"Park at Section 21, Shah Alam
Park at Taman Mutiara Subang, Batu Tiga",,MSU Medical Centre,RM 295 000,,,
6,True,102315606,"The Netizen, Bandar Tun Hussein Onn, Cheras
Brand New SOHO for Sale
SOHO unit equipped with wide window and broad balcony
547sf
1 car park
200m walking distance to MRT
Great facilities - playground, lap pool, wading pool, reflexology path, BBQ, yoga pavilion, jogging track, floating gym, outdoor gym, multi purpose hall, 
basketball court and badminton court.
Selling price RM320k
Accesibility via Cheras-Kajang Expressway and Silk Highway
Nearby hypermarket, hospitals, schools, UCSI and UTAR.
KINKI CHAN 
 Real Estate Negotiator 
 
Show contact number
 
 
****@***.***
wa.me/6
Show contact number
Continue Reading
PROPERTY HIGHLIGHTS
NEW!
Bedroom
1
Bathroom
1
Property Size
547 sq.ft.
Nearby Railway Station
MRT Station Bandar Tun Hussein Onn (MRT Sungai Buloh-Kajang Line)
See more details",1,1,547 sq.ft.,,,"Apartment / Condominium, For sale","Security, Lift, Parking, Swimming Pool, Playground, Minimart, Gymnasium, Multipurpose hall, Sauna, Barbeque area",The Netizen @ Bandar Tun Hussein Onn,KEB Group,Freehold,"Jalan Lengkok 1-B, Taman Cheras Perdana, Batu 10, Cheras, Selangor",2019,,1196,Condominium,1,High,Non Bumi Lot,E,11688,REN 20170,,,,,,RM 320 000,,MRT Station Bandar Tun Hussein Onn (MRT Sungai Buloh-Kajang Line),"MRT Station Bandar Tun Hussein Onn (MRT Sungai Buloh-Kajang Line)
MRT Station Batu 11 Cheras (MRT Sungai Buloh-Kajang Line)"
6,True,102498879,"The Netizen, Bandar Tun Hussein Onn, Cheras
Brand New SOHO for Sale
SOHO unit equipped with wide window and broad balcony
547sf
1 car park
200m walking distance to MRT
Great facilities - playground, lap pool, wading pool, reflexology path, BBQ, yoga pavilion, jogging track, floating gym, outdoor gym, multi purpose hall, 
basketball court and badminton court.
Selling price RM320k
Accesibility via Cheras-Kajang Expressway and Silk Highway
Nearby hypermarket, hospitals, schools, UCSI and UTAR.
KINKI CHAN 
 Real Estate Negotiator 
 
Show contact number
 
 
****@***.***
wa.me/6
Show contact number
Continue Reading
PROPERTY HIGHLIGHTS
NEW!
Bedroom
1
Bathroom
1
Property Size
547 sq.ft.
Nearby Railway Station
MRT Station Bandar Tun Hussein Onn (MRT Sungai Buloh-Kajang Line)
See more details",1,1,547 sq.ft.,,,"Apartment / Condominium, For sale","Security, Lift, Parking, Swimming Pool, Playground, Minimart, Gymnasium, Multipurpose hall, Sauna, Barbeque area",The Netizen @ Bandar Tun Hussein Onn,KEB Group,Freehold,"Jalan Lengkok 1-B, Taman Cheras Perdana, Batu 10, Cheras, Selangor",2019,,1196,Condominium,1,High,Non Bumi Lot,E,11688,REN 20170,,,,,,RM 320 000,,MRT Station Bandar Tun Hussein Onn (MRT Sungai Buloh-Kajang Line),"MRT Station Bandar Tun Hussein Onn (MRT Sungai Buloh-Kajang Line)
MRT Station Batu 11 Cheras (MRT Sungai Buloh-Kajang Line)"
7,False,102652094,"FOR SALE - TELIPOK - BANDAR SIERRA APARTMENT - BLOCK A
Location : https://goo.gl/maps/2pvvRSZSpugmF4Ur9
𝐏𝐫𝐨𝐩𝐞𝐫𝐭𝐲 𝐃𝐞𝐭𝐚𝐢𝐥𝐬 : 
▶︎ 𝐁𝐥𝐨𝐜𝐤 : 𝐀
▶︎ 𝐋𝐞𝐯𝐞𝐥 : 𝟐𝐧𝐝 𝐅𝐥𝐨𝐨𝐫
▶︎ 𝐒𝐢𝐳𝐞 : 𝟕𝟏𝟐 𝐒𝐪𝐟𝐭
▶︎ 𝐁𝐞𝐝𝐫𝐨𝐨𝐦𝐬 : 𝟐
▶︎ 𝐁𝐚𝐭𝐡𝐫𝐨𝐨𝐦𝐬 : 𝟏
▶︎ 𝐌𝐚𝐧𝐚𝐠𝐞𝐦𝐞𝐧𝐭 𝐅𝐞𝐞 : 𝐑𝐌 𝟖𝟓.𝟎𝟎 ( 𝐏𝐞𝐫 𝐌𝐨𝐧𝐭𝐡 )
▶︎ 𝐒𝐢𝐧𝐤𝐢𝐧𝐠 𝐅𝐮𝐧𝐝 : 𝐑𝐌 𝟓𝟎.𝟎𝟎 (𝐄𝐯𝐞𝐫𝐲 𝟑 𝐌𝐨𝐧𝐭𝐡 )
🔸𝐂𝐮𝐫𝐫𝐞𝐧𝐭𝐥𝐲 𝐓𝐞𝐧𝐚𝐧𝐭𝐞𝐝
⭕️ 𝐀𝐬𝐤𝐢𝐧𝐠 𝐏𝐫𝐢𝐜𝐞 : 𝐑𝐌 𝟐𝟓𝟎,𝟎𝟎𝟎.𝟎𝟎
❇️𝐂𝐚𝐧 𝐁𝐞 𝐀𝐫𝐫𝐚𝐧𝐠𝐞 𝐅𝐮𝐥𝐥 𝐋𝐨𝐚𝐧 𝐅𝐨𝐫 𝟏𝐬𝐭 𝐇𝐨𝐮𝐬𝐞 𝐁𝐮𝐲𝐞𝐫 𝐖𝐢𝐭𝐡 *(𝐓&𝐂)*❇️
❇️𝐂𝐚𝐧 𝐁𝐞 𝐀𝐫𝐫𝐚𝐧𝐠𝐞 𝐅𝐮𝐥𝐥 𝐋𝐨𝐚𝐧 𝐅𝐨𝐫 𝟏𝐬𝐭 𝐇𝐨𝐮𝐬𝐞 𝐁𝐮𝐲𝐞𝐫 𝐖𝐢𝐭𝐡 *(𝐓&𝐂)*❇️
❖ 𝐁𝐔𝐘⏐𝐒𝐀𝐋𝐄⏐𝐑𝐄𝐍𝐓⏐𝐂𝐎𝐍𝐓𝐀𝐂𝐓 𝐔𝐒 ❖
Let’s Connect 📞 📲
房产小助理- Luke Lu
http://www.wasap.my/+6
Show contact number
房产小姐姐- 𝙎𝙩𝙚𝙥𝙝𝙚𝙣𝙣𝙞𝙚 𝙔𝙤𝙣𝙜
http://www.wasap.my/+6
Show contact number
Luke Lu (REN52910)
𝚂𝚝𝚎𝚙𝚑𝚎𝚗𝚗𝚒𝚎 𝚈𝚘𝚗𝚐 (REN11974)
****@***.***
FOLLOW US ON FACEBOOK PAGE
SABAH PROPERTY - STEPHENNIE YONG
https://www.facebook.com/fcxjjrealestatenegotiator
#认真生活的小姐姐
#stephennieyong
#房产小姐姐
#房产小助理
#propertyagent
#realestatenegotiator
#kotakinabalu
#sabah
#malaysia
Continue Reading",2,1,712 sq.ft.,,,"Apartment / Condominium, For sale","Security, Parking, Playground, Swimming Pool",Bandar Sierra Apartment,,Leasehold,"Bandar Sierra Boulevard 2, Tuaran, Sabah",,,,Apartment,,Medium,Non Bumi Lot,E,15849,REN 52910,,,,,,RM 250 000,,,
7,False,102652195,"FOR SALE - TELIPOK - BANDAR SIERRA APARTMENT - BLOCK A
Location : https://goo.gl/maps/2pvvRSZSpugmF4Ur9
𝐏𝐫𝐨𝐩𝐞𝐫𝐭𝐲 𝐃𝐞𝐭𝐚𝐢𝐥𝐬 : 
𝐁𝐥𝐨𝐜𝐤 : 𝐀
𝐋𝐞𝐯𝐞𝐥 : 𝟐𝐧𝐝 𝐅𝐥𝐨𝐨𝐫
𝐒𝐢𝐳𝐞 : 𝟕𝟏𝟐 𝐒𝐪𝐟𝐭
𝐁𝐞𝐝𝐫𝐨𝐨𝐦𝐬 : 𝟐
𝐁𝐚𝐭𝐡𝐫𝐨𝐨𝐦𝐬 : 𝟏
𝐌𝐚𝐧𝐚𝐠𝐞𝐦𝐞𝐧𝐭 𝐅𝐞𝐞 : 𝐑𝐌 𝟖𝟓.𝟎𝟎 ( 𝐏𝐞𝐫 𝐌𝐨𝐧𝐭𝐡 )
𝐒𝐢𝐧𝐤𝐢𝐧𝐠 𝐅𝐮𝐧𝐝 : 𝐑𝐌 𝟓𝟎.𝟎𝟎 (𝐄𝐯𝐞𝐫𝐲 𝟑 𝐌𝐨𝐧𝐭𝐡 )
𝐂𝐮𝐫𝐫𝐞𝐧𝐭𝐥𝐲 𝐓𝐞𝐧𝐚𝐧𝐭𝐞𝐝
⭕️ 𝐀𝐬𝐤𝐢𝐧𝐠 𝐏𝐫𝐢𝐜𝐞 : 𝐑𝐌 𝟐𝟓𝟎,𝟎𝟎𝟎.𝟎𝟎
❇️𝐂𝐚𝐧 𝐁𝐞 𝐀𝐫𝐫𝐚𝐧𝐠𝐞 𝐅𝐮𝐥𝐥 𝐋𝐨𝐚𝐧 𝐅𝐨𝐫 𝟏𝐬𝐭 𝐇𝐨𝐮𝐬𝐞 𝐁𝐮𝐲𝐞𝐫 𝐖𝐢𝐭𝐡 *(𝐓&𝐂)*❇️
❇️𝐂𝐚𝐧 𝐁𝐞 𝐀𝐫𝐫𝐚𝐧𝐠𝐞 𝐅𝐮𝐥𝐥 𝐋𝐨𝐚𝐧 𝐅𝐨𝐫 𝟏𝐬𝐭 𝐇𝐨𝐮𝐬𝐞 𝐁𝐮𝐲𝐞𝐫 𝐖𝐢𝐭𝐡 *(𝐓&𝐂)*❇️
❖ 𝐁𝐔𝐘⏐𝐒𝐀𝐋𝐄⏐𝐑𝐄𝐍𝐓⏐𝐂𝐎𝐍𝐓𝐀𝐂𝐓 𝐔𝐒 ❖
Let’s Connect 📞 📲
房产小助理- Luke Lu
http://www.wasap.my/+6
Show contact number
房产小姐姐- 𝙎𝙩𝙚𝙥𝙝𝙚𝙣𝙣𝙞𝙚 𝙔𝙤𝙣𝙜
http://www.wasap.my/+6
Show contact number
Luke Lu (REN52910)
𝚂𝚝𝚎𝚙𝚑𝚎𝚗𝚗𝚒𝚎 𝚈𝚘𝚗𝚐 (REN11974)
****@***.***
FOLLOW US ON FACEBOOK PAGE
SABAH PROPERTY - STEPHENNIE YONG
https://www.facebook.com/fcxjjrealestatenegotiator
#认真生活的小姐姐
#stephennieyong
#房产小姐姐
#房产小助理
#propertyagent
#realestatenegotiator
#kotakinabalu
#sabah
#malaysia
Continue Reading",2,1,712 sq.ft.,,,"Apartment / Condominium, For sale","Security, Parking, Playground, Swimming Pool",Bandar Sierra Apartment,,Leasehold,"Bandar Sierra Boulevard 2, Tuaran, Sabah",,,,Apartment,,Medium,Non Bumi Lot,E,15849,REN 52910,,,,,,RM 250 000,,,
8,True,102920898,"Majestic Maxim, Cheras, 
New Condo for Sale
3 rooms 2 bedrooms
819sf
2 air cond
1 car park
Sale RM428k
Please call Kinki Chan 
Show contact number
 for more information. Thank you.
PROPERTY HIGHLIGHTS
NEW!
Bedroom
3
Bathroom
2
Property Size
819 sq.ft.
Nearby Railway Station
MRT Station Taman Connaught (MRT Sungai Buloh-Kajang Line)
Nearby School
SK Seri Anggerik
Nearby Mall
Cheras Sentral
See more details",3,2,819 sq.ft.,SK Seri Anggerik,Cheras Sentral,"Apartment / Condominium, For sale","Lift, Barbeque area, Parking, Security, Playground, Swimming Pool, Gymnasium",Majestic Maxim,Maxim Holdings,Leasehold,"Jalan 9/142, Taman Connaught, Cheras, Kuala Lumpur",2021,44,2136,Service Residence,1,,Non Bumi Lot,E,11688,REN 20170,,Cheras Sentral,,"SK Seri Anggerik
SMK Orkid Desa
Rocklin Learning Center",,RM 428 000,,MRT Station Taman Connaught (MRT Sungai Buloh-Kajang Line),MRT Station Taman Connaught (MRT Sungai Buloh-Kajang Line)
8,True,103178916,"Majestic Maxim, Cheras, 
New Condo for Sale
3 rooms 2 bedrooms
819sf
2 air cond
1 car park
Sale RM428k
Please call Kinki Chan 
Show contact number
 for more information. Thank you.
PROPERTY HIGHLIGHTS
NEW!
Bedroom
3
Bathroom
2
Property Size
819 sq.ft.
Nearby Railway Station
MRT Station Taman Connaught (MRT Sungai Buloh-Kajang Line)
Nearby School
SK Seri Anggerik
Nearby Mall
Cheras Sentral
See more details",3,2,819 sq.ft.,SK Seri Anggerik,Cheras Sentral,"Apartment / Condominium, For sale","Lift, Barbeque area, Parking, Security, Playground, Swimming Pool, Gymnasium",Majestic Maxim,Maxim Holdings,Leasehold,"Jalan 9/142, Taman Connaught, Cheras, Kuala Lumpur",2021,44,2136,Service Residence,1,,Non Bumi Lot,E,11688,REN 20170,,Cheras Sentral,,"SK Seri Anggerik
SMK Orkid Desa
Rocklin Learning Center",,RM 428 000,,MRT Station Taman Connaught (MRT Sungai Buloh-Kajang Line),MRT Station Taman Connaught (MRT Sungai Buloh-Kajang Line)
9,False,102988049,"Fairville Apartment @ USJ 21 for SALE
For Viewing & More Information for Fairville Apartment @ USJ 21
Kindly contact 
Show contact number
 TS Low 
Kindly contact 
Show contact number
 TS Low
**Basic Unit, Medium Floor**
Fairville Apartment @ USJ 21 for SALE 【Below Market Value – FREEHOLD 】
Property Details
Size		        : 850sf
Rooms		: 3
Bathrooms	: 2
- Below Mv Property
- Near to Main Place Mall
- Strategic Location @ USJ
- Nearby to Public Transport 
IQI Realty Sdn Bhd
REN 07646
** Owner Welcome to List your Property to US, Free Valuation **
Continue Reading
PROPERTY HIGHLIGHTS
NEW!
Bedroom
3
Bathroom
2
Property Size
850 sq.ft.
Nearby Railway Station
LRT Station USJ21 (Kelana Jaya Line)
Nearby School
Sekolah Kebangsaan USJ 20
Nearby Mall
Main Place Mall
See more details",3,2,850 sq.ft.,Sekolah Kebangsaan USJ 20,Main Place Mall,"Apartment / Condominium, For sale","Parking, Security, Playground, Swimming Pool",Fairville,Sime Darby Property Berhad,Freehold,"Jalan USJ 22/1, Subang Jaya, Selangor",2000,8,,Apartment,1,Medium,Non Bumi Lot,E,11584,REN 07646,,"Main Place Mall
The Place","Park at USJ 22, UEP Subang Jaya
Park at USJ 20, UEP Subang Jaya
Park at USJ 23, UEP Subang Jaya
Park at USJ18 Playground and Park, USJ 18","Sekolah Kebangsaan USJ 20
Sekolah Jenis Kebangsaan (T) Ladang Seafield
Sekolah Menengah Kebangsaan USJ 23
SRA USJ 17
SRA Batu 13",,RM 338 800,USJ Toll Plaza,LRT Station USJ21 (Kelana Jaya Line),LRT Station USJ21 (Kelana Jaya Line)
9,False,103665195,"Fairville Apartment @ USJ 21 for SALE
For Viewing & More Information for Fairville Apartment @ USJ 21
Kindly contact 
Show contact number
 TS Low 
Kindly contact 
Show contact number
 TS Low
**Basic Unit, Medium-High Floor**
Fairville Apartment @ USJ 21 for SALE 【Below Market Value – FREEHOLD 】
Property Details
Size		        : 850sf
Rooms		: 3
Bathrooms	: 2
- Below Mv Property
- Near to Main Place Mall
- Strategic Location @ USJ
- Nearby to Public Transport 
IQI Realty Sdn Bhd
REN 07646
** Owner Welcome to List your Property to US, Free Valuation **
Continue Reading
PROPERTY HIGHLIGHTS
NEW!
Bedroom
3
Bathroom
2
Property Size
850 sq.ft.
Nearby Railway Station
LRT Station USJ21 (Kelana Jaya Line)
Nearby School
Sekolah Kebangsaan USJ 20
Nearby Mall
Main Place Mall
See more details",3,2,850 sq.ft.,Sekolah Kebangsaan USJ 20,Main Place Mall,"Apartment / Condominium, For sale","Parking, Security, Playground, Swimming Pool",Fairville,Sime Darby Property Berhad,Freehold,"Jalan USJ 22/1, Subang Jaya, Selangor",2000,8,,Apartment,1,Medium,Non Bumi Lot,E,11584,REN 07646,,"Main Place Mall
The Place","Park at USJ 22, UEP Subang Jaya
Park at USJ 20, UEP Subang Jaya
Park at USJ 23, UEP Subang Jaya
Park at USJ18 Playground and Park, USJ 18","Sekolah Kebangsaan USJ 20
Sekolah Jenis Kebangsaan (T) Ladang Seafield
Sekolah Menengah Kebangsaan USJ 23
SRA USJ 17
SRA Batu 13",,RM 338 800,USJ Toll Plaza,LRT Station USJ21 (Kelana Jaya Line),LRT Station USJ21 (Kelana Jaya Line)
10,True,103150184,"**DISCLAIMER**
All Pictures shown are for illustration purpose only may not the actual unit, viewing the actual unit is always welcome
===== FOR SALE ======
Features:
* Tenure : Leasehold
* Bumi Type : Non-Bumi Lot
* Built-Up :  550 sq. ft.
* No. of Bedrooms : 3
* No. of Bathrooms : 2
* No. of Car Park : 1
* Renovation : Built-In Kitchen Cabinet & Furnished
* Asking Price : RM 175,000
For more info & viewing arrangement :
===============================
Call / WhatsApp : 
Show contact number
 (Choong)
===============================
Thank you !
Continue Reading",3,2,550 sq.ft.,,,"Apartment / Condominium, For sale",,Seksyen 2 Wangsa Maju Flat,,Leasehold,"Seksyen 2, Wangsa Maju, Wangsa Maju, Kuala Lumpur",,,,Flat,,High,Non Bumi Lot,,,REN 29622,,,,,,RM 175 000,,,
10,True,103151143,"**DISCLAIMER**
All Pictures shown are for illustration purpose only may not the actual unit, viewing the actual unit is always welcome
===== FOR SALE ======
Features:
* Tenure : Leasehold
* Bumi Type : Non-Bumi Lot
* Built-Up :  550 sq. ft.
* No. of Bedrooms : 3
* No. of Bathrooms : 2
* No. of Car Park : 1
* Renovation : Built-In Kitchen Cabinet & Furnished
* Asking Price : RM 175,000
For more info & viewing arrangement :
===============================
Call / WhatsApp : 
Show contact number
 (Choong)
===============================
Thank you !
Continue Reading",3,2,550 sq.ft.,,,"Apartment / Condominium, For sale",,Seksyen 2 Wangsa Maju Flat,,Leasehold,"Seksyen 2, Wangsa Maju, Wangsa Maju, Kuala Lumpur",,,,Flat,,High,Non Bumi Lot,,,REN 29622,,,,,,RM 175 000,,,
11,False,103159773,"~~REAL ADVERTISEMENT~~
THE RISE COLLECTION 3@GEORGETOWN FOR SALE
- Leasehold / 99年地契
- 1000sq.ft / 方尺
- 3 bedroom / 卧室
- 2 bathroom / 浴室
- 2 Carpark / 停车位
- City View / 看城市
- Partially Renovated and Partially Furnished / 半装修和半家具
- Well Maintained Condition / 屋子整洁干净
- Currently asking RM520k only !!! / 现在只需RM520千 !!!
NEARBY KOTA EMAS, ASPEN BEACON, TAMAN JELUTONG, PENANG TIME SQUARE, KAPRAL SINGH DRIVE ETC
No fishing & Real advertisement / 只打真实单位和广告
Viewing anytime with few hours appointment earlier / 可以提早安排看屋
Different units available on hand/ 多种单位选
For more info, kindly contact Kelvin Goh 
Show contact number
预知更多详情，请联络 Kelvin 吳家汶 
Show contact number
Continue Reading",3,2,1000 sq.ft.,,,"Apartment / Condominium, For sale","Security, Playground, Gymnasium, Tennis Court, Parking, Minimart, Swimming Pool, Sauna, Lift",The Rise Collection 3,Zubicon Sdn. Bhd.,Freehold,"Jln Dr. Wu Lien Teh, Georgetown, Penang",2020,,,Apartment,2,High,Non Bumi Lot,E,11924,,,,,,,RM 520 000,,,
11,False,103259332,"~~REAL ADVERTISEMENT~~
THE RISE COLLECTION 3@GEORGETOWN FOR SALE
- Leasehold / 99年地契
- 1000sq.ft / 方尺
- 3 bedroom / 卧室
- 2 bathroom / 浴室
- 2 Carpark / 停车位
- City View / 看城市
- Fully Renovated and Fully Furnished / 全装修和全家具
- Well Maintained Condition / 屋子整洁干净
- Currently asking RM520k only !!! / 现在只需RM520千 !!!
NEARBY KOTA EMAS, ASPEN BEACON, TAMAN JELUTONG, PENANG TIME SQUARE, KAPRAL SINGH DRIVE ETC
No fishing & Real advertisement / 只打真实单位和广告
Viewing anytime with few hours appointment earlier / 可以提早安排看屋
Different units available on hand/ 多种单位选
For more info, kindly contact Kelvin Goh 
Show contact number
预知更多详情，请联络 Kelvin 吳家汶 
Show contact number
Continue Reading",3,2,1000 sq.ft.,,,"Apartment / Condominium, For sale","Security, Playground, Gymnasium, Tennis Court, Parking, Minimart, Swimming Pool, Sauna, Lift",The Rise Collection 3,Zubicon Sdn. Bhd.,Freehold,"Jln Dr. Wu Lien Teh, Georgetown, Penang",2020,,,Apartment,2,High,Non Bumi Lot,E,11924,,,,,,,RM 520 000,,,
12,True,103223072,"For sale
Park Avenue
3 Bedroom
2 Bathroom
710sqf
Original unit
Selling price RM168000
Various shoplots available
Near to kinds of shopping mall
Please contact
Daniel Ling
6
Show contact number
Wasap.me/ +6
Show contact number
REN 51666
ROYCE PROPERTIES",3,2,710 sq.ft.,,,"Apartment / Condominium, For sale",Parking,Park Avenue (Tampoi Indah),,Leasehold,"Jalan Mawar 3, Off Jalan Titiwangsa Utama, Taman Tampoi Indah, Johor Bahru, Johor",,3,,Apartment,,Low,Non Bumi Lot,E,21621,REN 51666,,,,,,RM 168 000,,,
12,True,103470205,"For sale
Park Avenue
3 Bedroom
2 Bathroom
710sqf
Original unit
Selling price RM168000
Various shoplots available
Near to kinds of shopping mall
Please contact
Daniel Ling
6
Show contact number
Wasap.me/ +6
Show contact number
REN 51666
ROYCE PROPERTIES",3,2,710 sq.ft.,,,"Apartment / Condominium, For sale",Parking,Park Avenue (Tampoi Indah),,Leasehold,"Jalan Mawar 3, Off Jalan Titiwangsa Utama, Taman Tampoi Indah, Johor Bahru, Johor",,3,,Apartment,,Low,Non Bumi Lot,E,21621,REN 51666,,,,,,RM 168 000,,,
13,True,103245254,"Middleton
Built up: 1,409 sqft
Bedroom: 3 
Bathroom: 3
Condition: Original
Car park: 2
Sale: RM1.3mil
For further info: Amos Sin 
Show contact number
Whatsapp link: https://wa.me/6
Show contact number
IQI Realty Sdn Bhd (Penang) (E(3)1417/4)",3,3,1409 sq.ft.,,,"Apartment / Condominium, For sale","Parking, Swimming Pool, Playground, Gymnasium, Squash Court, Security, Minimart",Middleton @ Minden Heights,BSG Property,Freehold,"Minden Heights, Gelugor, Penang",2019,26,220,Condominium,2,,Non Bumi Lot,E,11584,REN 06517,,,,,,RM 1 300 000,,,
13,True,103245262,"Middleton
Built up: 1,409 sqft
Bedroom: 3 
Bathroom: 3
Condition: Original
Car park: 2
Sale: RM1.3mil
For further info: Amos Sin 
Show contact number
Whatsapp link: https://wa.me/6
Show contact number
IQI Realty Sdn Bhd (Penang) (E(3)1417/4)",3,3,1409 sq.ft.,,,"Apartment / Condominium, For sale","Parking, Swimming Pool, Playground, Gymnasium, Squash Court, Security, Minimart",Middleton @ Minden Heights,BSG Property,Freehold,"Minden Heights, Gelugor, Penang",2019,26,220,Condominium,2,,Non Bumi Lot,E,11584,REN 06517,,,,,,RM 1 300 000,,,
14,True,103336579,"For sale
Sri Akasia
Corner Unit
3 Bedroom
2 Bathroom
1200sqf
Full Loan available 
2 car parks 
Selling price RM358k
Walking distance to Paradigm Mall
5 mins to Perling Mall
10 mins to CIQ and City Centre
Please contact
Daniel Ling
6
Show contact number
Wasap.me/ +6
Show contact number
REN 51666
ROYCE PROPERTIES
Continue Reading",3,2,1200 sq.ft.,,,"Apartment / Condominium, For sale","Parking, Security, Lift, Swimming Pool, Playground, Minimart, Barbeque area, Sauna, Gymnasium, Jogging Track",Sri Akasia,,Leasehold,"Taman Tampoi Indah, Johor Bahru, Johor",2005,,698,Apartment,2,Medium,Non Bumi Lot,E,21621,REN 51666,,,,,,RM 358 000,,,
14,True,103470201,"For sale
Sri Akasia
Corner Unit
3 Bedroom
2 Bathroom
1200sqf
Full Loan available 
2 car parks 
Selling price RM358k
Walking distance to Paradigm Mall
5 mins to Perling Mall
10 mins to CIQ and City Centre
Please contact
Daniel Ling
6
Show contact number
Wasap.me/ +6
Show contact number
REN 51666
ROYCE PROPERTIES
Continue Reading",3,2,1200 sq.ft.,,,"Apartment / Condominium, For sale","Parking, Security, Lift, Swimming Pool, Playground, Minimart, Barbeque area, Sauna, Gymnasium, Jogging Track",Sri Akasia,,Leasehold,"Taman Tampoi Indah, Johor Bahru, Johor",2005,,698,Apartment,2,Medium,Non Bumi Lot,E,21621,REN 51666,,,,,,RM 358 000,,,
15,True,103446635,"For Sale 🔥🔥🔥
Mewah View Luxurious Apartment
Bukit Mewah Apartment @ Tampoi
Non Bumi Lot
3 Bedroom 2 Bathroom
1200 Sqft
Partially Furnished
Freehold
low floor
Asking RM 310K
SKS 210823
SK GOO: 
Show contact number",3,2,1200 sq.ft.,,,"Apartment / Condominium, For sale","Minimart, Security, Swimming Pool, Multipurpose hall, Parking, Playground, Gymnasium, Tennis Court, Squash Court, Jogging Track, Barbeque area, Sauna",Mewah View Luxurious Apartments,,Freehold,"Jalan Mewah Ria 2/10, Taman Bukit Mewah, Johor Bahru, Johor",,,,Apartment,,Low,Non Bumi Lot,VE,02205,REN 41335,,,,,,RM 310 000,,,
15,True,103470394,"For Sale 🔥🔥🔥
Mewah View Luxurious Apartment
Bukit Mewah Apartment @ Tampoi
Non Bumi Lot
3 Bedroom 2 Bathroom
1200 Sqft
Partially Furnished
Freehold
low floor
Asking RM 310K
SKS 210823
SK GOO: 
Show contact number",3,2,1200 sq.ft.,,,"Apartment / Condominium, For sale","Minimart, Security, Swimming Pool, Multipurpose hall, Parking, Playground, Gymnasium, Tennis Court, Squash Court, Jogging Track, Barbeque area, Sauna",Mewah View Luxurious Apartments,,Freehold,"Jalan Mewah Ria 2/10, Taman Bukit Mewah, Johor Bahru, Johor",,,,Apartment,,Low,Non Bumi Lot,VE,02205,REN 41335,,,,,,RM 310 000,,,
16,False,103492971,"FOR SALE
🔥 CHEAPEST UNIT 
ANGGUN PURI CONDO
Jalan Dutamas Raya, Dutamas KL
=========================
→ SELLING PRICE : RM 345,000 NETT
=========================
DETAILS :
- Freehold (Non Bumi Lot)
- 2 Tier-Security Condo
- Middle Floor Level
- Built-Up Area : 800 sqft (Type E)
- 3 Bedrooms & 2 Bathrooms 
- With Balcony & Yard
- 1 Covered Parking Lot
- Low Density Residence (1 Block Only)
- Maintenance Fee: RM300/month
- Renovated SPC Flooring in living area
- Kitchen cabinet
FACILITIES :  
- Swimming pool  
- Children's Playground  
- Children's nursery  
- Tennis court  
- Laundrette  
- Reading room  
- Ample covered parking lots  
- 24 Hours Guard CCTV Security System   
AMENITIES : 
- Masjid Al-Ubudiah
- Surau Al-Mukhlisin 
- Next to French International School  
- Solaris Mont Kiara / Publika 
- Hartamas Shopping Centre / Plaza Damas  
- Mont Kiara International School 
- Garden International School 
- SK Segambut  
- SMK Kiaramas / SMK Segambut  
- Clinic / shops / restaurants   
ACCESS :  
- Penchala Link / Kerinchi Link  
- Jalan Duta / Jalan Kuching  
- DUKE
- PLUS
=========================
→ SELLING PRICE : RM 345,000 NETT
=========================
BILYA ARIFF (REN 28032)
IQI Realty Sdn Bhd
Show contact number
Continue Reading
PROPERTY HIGHLIGHTS
NEW!
Bedroom
3
Bathroom
2
Property Size
800 sq.ft.
Nearby School
French School of Kuala Lumpur
Nearby Mall
Bayu Walk
See more details",3,2,800 sq.ft.,French School of Kuala Lumpur,Bayu Walk,"Apartment / Condominium, For sale","Jogging Track, Parking, Security, Minimart, Gymnasium, Tennis Court, Club house, Playground, Swimming Pool, Lift",Anggun Puri,BTHomestead Development,Freehold,"Jalan Dutamas Raya, Taman Segambut SPPK, Solaris Dutamas, Kuala Lumpur",2008,22,246,Condominium,1,Medium,Non Bumi Lot,E,11584,REN 28032,"Bus Stop Laman Damaisari
Bus Stop Al-Ubudiah Mosque
Bus Stop Segambut (Selatan)
Bus Stop Klinik Kesihatan Segambut (Opp)
Bus Stop Klinik Kesihatan Segambut
Bus Stop Mont Kiara Meridin (Opp)
Bus Stop Mont Kiara Banyan
Bus Stop Surau Ikhwaniah
Bus Stop Impian Villas
Bus Stop Mandy Villa
Bus Stop Solaris Mont Kiara
Bus Stop Kampung Segambut Bahagia (Barat)
Bus Stop Mont Kiara International School
Bus Stop Kg Segambut Bahagia (Barat)
Bus Stop Jalan 1/38A
Bus Stop Trinity Pentamont",Bayu Walk,"Dutamas Park, Segambut, Kuala Lumpur, Malaysia
Park at Taman Sri Sinar, Kuala Lumpur, Malaysia","French School of Kuala Lumpur
SK Segambut Makmur
SMK Segambut Jaya
Mont Kiara International School
Sekolah Kebangsaan Kiaramas",,RM 345 000,Jalan Duta Toll Plaza,,
16,False,103492972,"FOR SALE
🔥 CHEAPEST UNIT 
ANGGUN PURI CONDO
Jalan Dutamas Raya, Dutamas KL
=========================
→ SELLING PRICE : RM 345,000 NEGO
=========================
DETAILS :
- Freehold (Non Bumi Lot)
- 2 Tier-Security Condo
- Middle Floor Level
- Built-Up Area : 800 sqft (Type E)
- 3 Bedrooms & 2 Bathrooms 
- With Balcony & Yard
- 1 Covered Parking Lot
- Low Density Residence (1 Block Only)
- Maintenance Fee: RM300/month
- Renovated SPC Flooring in living area
- Kitchen cabinet
FACILITIES :  
- Swimming pool  
- Children's Playground  
- Children's nursery  
- Tennis court  
- Laundrette  
- Reading room  
- Ample covered parking lots  
- 24 Hours Guard CCTV Security System   
AMENITIES : 
- Masjid Al-Ubudiah
- Surau Al-Mukhlisin 
- Next to French International School  
- Solaris Mont Kiara / Publika 
- Hartamas Shopping Centre / Plaza Damas  
- Mont Kiara International School 
- Garden International School 
- SK Segambut  
- SMK Kiaramas / SMK Segambut  
- Clinic / shops / restaurants   
ACCESS :  
- Penchala Link / Kerinchi Link  
- Jalan Duta / Jalan Kuching  
- DUKE
- PLUS
=========================
→ SELLING PRICE : RM 345,000 NEGO
=========================
BILYA ARIFF (REN 28032)
IQI Realty Sdn Bhd
Show contact number
Continue Reading
PROPERTY HIGHLIGHTS
NEW!
Bedroom
3
Bathroom
2
Property Size
800 sq.ft.
Nearby School
French School of Kuala Lumpur
Nearby Mall
Bayu Walk
See more details",3,2,800 sq.ft.,French School of Kuala Lumpur,Bayu Walk,"Apartment / Condominium, For sale","Jogging Track, Parking, Security, Minimart, Gymnasium, Tennis Court, Club house, Playground, Swimming Pool, Lift",Anggun Puri,BTHomestead Development,Freehold,"Jalan Dutamas Raya, Taman Segambut SPPK, Solaris Dutamas, Kuala Lumpur",2008,22,246,Condominium,1,Medium,Non Bumi Lot,E,11584,REN 28032,"Bus Stop Laman Damaisari
Bus Stop Al-Ubudiah Mosque
Bus Stop Segambut (Selatan)
Bus Stop Klinik Kesihatan Segambut (Opp)
Bus Stop Klinik Kesihatan Segambut
Bus Stop Mont Kiara Meridin (Opp)
Bus Stop Mont Kiara Banyan
Bus Stop Surau Ikhwaniah
Bus Stop Impian Villas
Bus Stop Mandy Villa
Bus Stop Solaris Mont Kiara
Bus Stop Kampung Segambut Bahagia (Barat)
Bus Stop Mont Kiara International School
Bus Stop Kg Segambut Bahagia (Barat)
Bus Stop Jalan 1/38A
Bus Stop Trinity Pentamont",Bayu Walk,"Dutamas Park, Segambut, Kuala Lumpur, Malaysia
Park at Taman Sri Sinar, Kuala Lumpur, Malaysia","French School of Kuala Lumpur
SK Segambut Makmur
SMK Segambut Jaya
Mont Kiara International School
Sekolah Kebangsaan Kiaramas",,RM 345 000,Jalan Duta Toll Plaza,,
17,True,103758389,"Big Size Condo With Below Market Price 50% & High End Facilities !!!!
Show contact number
 
https://bigsizecondo.wasap.my
Why Here ?
1. 3 rooms & 3 bathrooms
2. FREEHOLD
3. 500m to IOI City Mall
4. BELOW market 50% @ SAVE RM 150,000 !!
5. Free 70% Furnished Save Up 100K !!
** Can rent RM 2500-6500 monthly !!
Strategic Location :
# WALK TO STARBUCKS, 7-11, MR DIY  ( MATURED AREA )
# Nearby UNITEN - 15,000 Students  
# Near Malaysia Biggest Airport KLIA 1 & 2
# Near MRT & ERL Station @ 2 station to KL
# 1 min to PUTRAJAYA  
# Near AliBaBa DFTZ Company ( 115,000 Workers )
Continue Reading",3,3,1200 sq.ft.,,,"Apartment / Condominium, For sale","Parking, Security, Lift, Swimming Pool, Playground, Gymnasium, Sauna, Barbeque area, Minimart, Multipurpose hall, Club house, Jogging Track, Tennis Court, Squash Court",Seri Kembangan,,Freehold,"Seri Kembangan, Selangor, Seri Kembangan",,,,Condominium,2,High,Non Bumi Lot,E,11307,,,,,,,RM 499 000,,,
17,True,103758407,"Big Size Condo With Below Market Price 50% & High End Facilities !!!!
Show contact number
 
https://bigsizecondo.wasap.my
Why Here ?
1. 3 rooms & 3 bathrooms
2. FREEHOLD
3. 500m to IOI City Mall
4. BELOW market 50% @ SAVE RM 150,000 !!
5. Free 70% Furnished Save Up 100K !!
** Can rent RM 2500-6500 monthly !!
Strategic Location :
# WALK TO STARBUCKS, 7-11, MR DIY  ( MATURED AREA )
# Nearby UNITEN - 15,000 Students  
# Near Malaysia Biggest Airport KLIA 1 & 2
# Near MRT & ERL Station @ 2 station to KL
# 1 min to PUTRAJAYA  
# Near AliBaBa DFTZ Company ( 115,000 Workers )
Continue Reading",3,3,1200 sq.ft.,,,"Apartment / Condominium, For sale","Parking, Security, Lift, Swimming Pool, Playground, Gymnasium, Sauna, Barbeque area, Minimart, Multipurpose hall, Club house, Jogging Track, Tennis Court, Squash Court",Seri Kembangan,,Freehold,"Seri Kembangan, Selangor, Seri Kembangan",,,,Condominium,2,High,Non Bumi Lot,E,11307,,,,,,,RM 499 000,,,
17,True,103758671,"Big Size Condo With Below Market Price 50% & High End Facilities !!!!
Show contact number
 
https://bigsizecondo.wasap.my
Why Here ?
1. 3 rooms & 3 bathrooms
2. FREEHOLD
3. 500m to IOI City Mall
4. BELOW market 50% @ SAVE RM 150,000 !!
5. Free 70% Furnished Save Up 100K !!
** Can rent RM 2500-6500 monthly !!
Strategic Location :
# WALK TO STARBUCKS, 7-11, MR DIY  ( MATURED AREA )
# Nearby UNITEN - 15,000 Students  
# Near Malaysia Biggest Airport KLIA 1 & 2
# Near MRT & ERL Station @ 2 station to KL
# 1 min to PUTRAJAYA  
# Near AliBaBa DFTZ Company ( 115,000 Workers )
Continue Reading",3,3,1200 sq.ft.,,,"Apartment / Condominium, For sale","Parking, Security, Lift, Swimming Pool, Playground, Gymnasium, Sauna, Barbeque area, Minimart, Multipurpose hall, Club house, Jogging Track, Tennis Court, Squash Court",Seri Kembangan,,Freehold,"Seri Kembangan, Selangor, Seri Kembangan",,,,Condominium,2,High,Non Bumi Lot,E,11307,,,,,,,RM 499 000,,,
18,False,103780382,"BJ COURT CONDOMINIUM 
Bukit Jambul, Bayan Lepas
RM 245,000
PROPERTY DETAILS: 
710 SqFt 
3 Bedrooms
2 Bathrooms
1 Carpark 
TENANTED 
✅Great Convenient Area 
✅Good View
✅Well Maintained Unit for sales
✅Suitable for own stay or Great for Investment
REAL ESTATE NEGOTIATOR ( BUY/ SELL/ RENT/ INVEST)
WELCOME OWNERS / BUYER & TENANT 
I WILL PROVIDE YOU WITH THE UTMOST PROFESSIONAL SERVICE AND LET YOU HAVE YOUR IDEAL OF HOME.
BUYER/TENANT OR SELLER & ONE STOP SERVICES ( BANKERS, LAWYERS & MARKET VALUE CHECKING)
FOR MORE INFORMATION DO CONTACT ME! 
JOSH
Show contact number
Continue Reading",3,2,700 sq.ft.,,,"Apartment / Condominium, For sale","Security, Playground, Minimart, Parking, Jogging Track",BJ Court Condominium,,Freehold,"Jalan Rumbia, Bayan Lepas, Penang",1998,35,,Condominium,1,High,Non Bumi Lot,E,11605,REN 46695,,,,,,RM 245 000,,,
18,False,103780408,"BJ COURT 
Bukit Jambul, Bayan Lepas
RM 245,000
PROPERTY DETAILS: 
700 SqFt 
3 Bedrooms
2 Bathrooms
1 Carpark 
TENANTED 
✅Great Convenient Area 
✅2nd Bridge View
REAL ESTATE NEGOTIATOR ( BUY/ SELL/ RENT/ INVEST)
WELCOME OWNERS / BUYER & TENANT 
I WILL PROVIDE YOU WITH THE UTMOST PROFESSIONAL SERVICE AND LET YOU HAVE YOUR IDEAL OF HOME.
BUYER/TENANT OR SELLER & ONE STOP SERVICES ( BANKERS, LAWYERS & MARKET VALUE CHECKING)
FOR MORE INFORMATION DO CONTACT ME! 
JOSH
Show contact number
Continue Reading",3,2,700 sq.ft.,,,"Apartment / Condominium, For sale","Security, Playground, Minimart, Parking, Jogging Track",BJ Court Condominium,,Freehold,"Jalan Rumbia, Bayan Lepas, Penang",1998,35,,Condominium,1,High,Non Bumi Lot,E,11605,REN 46695,,,,,,RM 245 000,,,
19,True,103784715,"【Lily & Jasmine Apartment Tampoi Indah】
Selling Price  : RM299k
Montly Payment : RM1400+-
Jalan Titiwangsa , Lily & Jasmine Tampoi Indah 81200 Tampoi , Johor Bahru
-Apartment 
-1024sqft
-Leasehold 99Years
-Non bumi
-Low Floor-Level 2
-3Bedroom+2Bathroom
-2Balcony
-1car park + 1motor park
-Fully Renovated
-Partially Furnished 
Renovation
- Plaster Ceiling
- Table Top 
- Kitchen Cabinet
- Floor Tiles
-Chandelier
-2 Balcony 
-Grille
-Toilet Mosaic
-Decoration Floor
More Information Can Contact 
Call / Whatsapp
Suki
Show contact number
Continue Reading",3,2,1024 sq.ft.,,,"Apartment / Condominium, For sale",,Lily & Jasmine,,Leasehold,"Taman Tampoi Indah, Johor Bahru, Johor",,4,,Apartment,,Low,Non Bumi Lot,,,,,,,,,RM 299 000,,,
19,True,103784759,"【Lily & Jasmine Apartment Tampoi Indah】
Selling Price  : RM299k
Montly Payment : RM1400+-
Jalan Titiwangsa , Lily & Jasmine Tampoi Indah 81200 Tampoi , Johor Bahru
-Apartment 
-1024sqft
-Leasehold 99Years
-Non bumi
-Low Floor-Level 2
-3Bedroom+2Bathroom
-2Balcony
-1car park + 1motor park
-Fully Renovated
-Partially Furnished 
Renovation
- Plaster Ceiling
- Table Top 
- Kitchen Cabinet
- Floor Tiles
-Chandelier
-2 Balcony 
-Grille
-Toilet Mosaic
-Decoration Floor
More Information Can Contact 
Call / Whatsapp
Suki
Show contact number
Continue Reading",3,2,1024 sq.ft.,,,"Apartment / Condominium, For sale",,Lily & Jasmine,,Leasehold,"Taman Tampoi Indah, Johor Bahru, Johor",,4,,Apartment,,Low,Non Bumi Lot,,,,,,,,,RM 299 000,,,
20,False,103784825,"【Ulu Tiram Taman Maluri Rumah Flat】
Selling Price  : RM132k
Montly Payment : RM650+-
Jalan Maluri Jaya,
Taman Maluri,
81800 Ulu Tiram
Medium Low Cost Flat
-730Sqft
-3 Bedrooms
-2 Bathrooms 
-Freehold
-Intermediate Lot
-Original condition
-Good Condition
More information / Viewing Can Contact:
Call / Whatsapp
Suki
Show contact number
Chester Development (Johor) Sdn Bhd
Continue Reading",3,2,730 sq.ft.,,,"Apartment / Condominium, For sale",,Taman Maluri (Ulu Tiram),,Freehold,"Taman Maluri, Ulu Tiram, Johor",,,,Flat,,High,Non Bumi Lot,,,,,,,,,RM 132 000,,,
20,False,103786756,"【Ulu Tiram Taman Maluri Rumah Flat】
Selling Price  : RM132k
Montly Payment : RM650+-
【Can Full Loan】
Jalan Maluri Jaya,
Taman Maluri,
81800 Ulu Tiram
Medium Low Cost Flat
-730Sqft
-3 Bedrooms
-2 Bathrooms 
-Freehold
-Intermediate Lot
-Original condition
-Good Condition
More information / Viewing Can Contact:
Call / Whatsapp
Suki
Show contact number
Chester Development (Johor) Sdn Bhd
Continue Reading",3,2,730 sq.ft.,,,"Apartment / Condominium, For sale",,Taman Maluri (Ulu Tiram),,Freehold,"Taman Maluri, Ulu Tiram, Johor",,,,Flat,,High,Non Bumi Lot,,,,,,,,,RM 132 000,,,
21,False,103791934,"EXCLUSIVE LUXURY IN KLANG
✔️0% DOWNPAYMENT
✔️FREEHOLD - FREEHOLD - FREEHOLD
✔️FREE Partly FURNISHED !!!
✔️FREE 2 CARPARKS
✔️FREE S&P LEGAL FEE
✔️FREE LOAN AGREEMENT LEGAL FEE
✔️FREE LOAN STAMP DUTY
✔️FREE SPA DISBURSEMENT FEES
✔️FREE LOAN DISBURSEMENT FEES
✔️4 TIER HIGH SECURITY SYSTEM
FACILITIES:
👉FULL FACILITIES 
👉SKY GARDEN
👉GYMNASIUM
👉SWIMMING POOL
👉LAP POOL & WADING POOL
👉PLAYGROUND
👉BBQ Spot
👉Badminton Court
👉And Many More......
AMENITIES :
📍Walking Distance to KSL Esplanade Mall in Klang
📍Walking Distance to McDonalds
📍Walking Distance to FAMILY MART
📍8min to Aeon Bukit Tinggi
☎️CAll/WhatApps to Developer Staff:
Show contact number
 (HARRY LOO)
Show contact number
 (HARRY LOO)
Whatsapp Link:
https://Raintree
Show contact number
.wasap.my
https://Raintree
Show contact number
.wasap.my
Continue Reading",3,2,926 sq.ft.,,,"Apartment / Condominium, For sale","Parking, Security, Lift, Swimming Pool, Playground, Gymnasium, Barbeque area, Club house, Jogging Track",Raintree Residence,,Freehold,"Jalan Bestari 7/ks09, Selangor, Klang",,,,Service Residence,2,Low,Non Bumi Lot,AE,11051,,,,,,,RM 456 000,,,
21,False,103796162,"EXCLUSIVE LUXURY IN KLANG
✔️0% DOWNPAYMENT
✔️FREEHOLD - FREEHOLD - FREEHOLD
✔️FREE MOT- FREE MOT - FREE MOT
✔️FREE Partly FURNISHED !!!
✔️FREE 2 CARPARKS
✔️FREE S&P LEGAL FEE
✔️FREE LOAN AGREEMENT LEGAL FEE
✔️FREE LOAN STAMP DUTY
✔️FREE SPA DISBURSEMENT FEES
✔️FREE LOAN DISBURSEMENT FEES
✔️4 TIER HIGH SECURITY SYSTEM
FACILITIES:
👉FULL FACILITIES 
👉SKY GARDEN
👉GYMNASIUM
👉SWIMMING POOL
👉LAP POOL & WADING POOL
👉PLAYGROUND
👉BBQ Spot
👉Badminton Court
👉And Many More......
AMENITIES :
📍Walking Distance to KSL Esplanade Mall in Klang
📍Walking Distance to McDonalds
📍Walking Distance to FAMILY MART
📍8min to Aeon Bukit Tinggi
☎️CAll/WhatApps to Developer Staff:
Show contact number
 (HARRY LOO)
Show contact number
 (HARRY LOO)
Whatsapp Link:
https://Raintree
Show contact number
.wasap.my
https://Raintree
Show contact number
.wasap.my
Continue Reading",3,2,926 sq.ft.,,,"Apartment / Condominium, For sale","Parking, Security, Lift, Swimming Pool, Playground, Gymnasium, Barbeque area, Club house, Jogging Track",Raintree Residence,,Freehold,"Jalan Bestari 7/ks09, Selangor, Klang",,,,Service Residence,2,Low,Non Bumi Lot,AE,11051,,,,,,,RM 456 000,,,
21,False,103804090,"EXCLUSIVE LUXURY IN KLANG
✔️0% DOWNPAYMENT
✔️FREEHOLD - FREEHOLD - FREEHOLD
✔️FREE MOT- FREE MOT - FREE MOT
✔️FREE Partly FURNISHED !!!
✔️FREE 2 CARPARKS
✔️FREE S&P LEGAL FEE
✔️FREE LOAN AGREEMENT LEGAL FEE
✔️FREE LOAN STAMP DUTY
✔️FREE SPA DISBURSEMENT FEES
✔️FREE LOAN DISBURSEMENT FEES
✔️4 TIER HIGH SECURITY SYSTEM
FACILITIES:
👉FULL FACILITIES 
👉SKY GARDEN
👉GYMNASIUM
👉SWIMMING POOL
👉LAP POOL & WADING POOL
👉PLAYGROUND
👉BBQ Spot
👉Badminton Court
👉And Many More......
AMENITIES :
📍Walking Distance to KSL Esplanade Mall in Klang
📍Walking Distance to McDonalds
📍Walking Distance to FAMILY MART
📍8min to Aeon Bukit Tinggi
☎️CAll/WhatApps to Developer Staff:
Show contact number
 (HARRY LOO)
Show contact number
 (HARRY LOO)
Whatsapp Link:
https://Raintree
Show contact number
.wasap.my
https://Raintree
Show contact number
.wasap.my
Continue Reading",3,2,926 sq.ft.,,,"Apartment / Condominium, For sale","Parking, Security, Lift, Swimming Pool, Playground, Gymnasium, Barbeque area, Club house, Jogging Track",Raintree Residence,,Freehold,"Jalan Bestari 7/ks09, Selangor, Klang",,,,Service Residence,2,Low,Non Bumi Lot,AE,11051,,,,,,,RM 456 000,,,
22,False,103803955,"🔥2024 Ready move in & Sentul condominium with shopping mall
🔥2024 Ready move in & Sentul condominium with shopping mall
------------------------------------------------------------
✅ 3 Bedrooms 2 Bathrooms 
✅ 2 car parks
✅ 950sf
✅ LOW Maintenance
✅ Condo with shopping mall
✅ Year 2024 complete
------------------------------------------------------------
Amenities:
🚶‍♂️Walking distance to Jalan Ipoh MRT2
🚗 1 mins access to Duke highways
🚗 15 mins drive to KLCC, Bangsar, Damansara
🍔F&B:
- Uncle dons, MCD, KFC, Pizza Hut, Coffee Bean, Starbucks
📖Schools:
- SJK(C), SMK, SRJK, Kindergarden, Chong Hwa Independent School
🚊MRT:
- 1 Station to Titiwangsa (Interchange station: Monorail, LRT, MRT)
- 2 Station to HKL
- 4 Station to Ampang Park
- 5 Station to KLCC
- 7 Stations to TRX
------------------------------------------------------------
Free furnished package and free legal fees!
Showroom is ready! Call/ Whatsapp today: 
Show contact number
wa.link/fj3pfx
wa.link/fj3pfx
wa.link/fj3pfx
Continue Reading
PROPERTY HIGHLIGHTS
NEW!
Bedroom
3
Bathroom
2
Property Size
950 sq.ft.
Nearby School
Permata Kurnia
See more details",3,2,950 sq.ft.,Permata Kurnia,,"Apartment / Condominium, For sale","Parking, Security, Lift, Swimming Pool, Playground, Gymnasium, Sauna, Barbeque area, Minimart, Multipurpose hall, Club house, Jogging Track",LSH Sentul,Lim Seong Hai Holdings Sdn Bhd,Leasehold,"Lot 30256 & 3952, Jalan Sentul Pasar, Sentul, Kuala Lumpur",2023,38,900,Apartment,2,Medium,Non Bumi Lot,VE,30338,REN 00029,"Bus Stop Duta–Ulu Klang Expressway
Bus Stop 1 Kg Chubadak Tambahan
Bus Stop 2 Kg Chubadak Tambahan
Bus Stop Kg Chubadak Hulu
Bus Stop SMK Batu Muda
Bus Stop Kg Chubadak Hulu (Selatan)
Bus Stop SMK Batu Muda (Opp)
Bus Stop Kg Chubadak
Bus Stop SJKC Sentul Peng Ming (Opp)
Bus Stop 1 Kg Chubadak Hulu (Utara)
Bus Stop 2 Kg Chubadak Hulu (Utara)",,"Park 2 at Kuala Lumpur, Malaysia
Park at Taman Kosmo Jaya, Kampung Chubadak Hulu, Kuala Lumpur, 51000, Malaysia","Permata Kurnia
SMK Batu Muda
SJK (C) Peng Ming",,RM 450 000,,,
22,False,103803959,"🔥Sentul Sky Condo🔥
😱With Shopping Mall😱
Next Year Q2 2024 Completion 🔑
*3R2B 950sf 🛌*
Selling from RM450k Only 😍
Monthly From RM1.5k👍🏻
-
Free Up To 70% Furnish 🛋️
Free All Legal Fees 📝
Free 2 Carparks 🚘
❌ Booking Fees
-
Reply Yes To get E-Brochure
Direct Call/Whatsapp☎️ Faez
Show contact number
 
wa.link/fj3pfx
wa.link/fj3pfx
For Showroom Viewing 🥰
Continue Reading
PROPERTY HIGHLIGHTS
NEW!
Bedroom
3
Bathroom
2
Property Size
950 sq.ft.
Nearby School
Permata Kurnia
See more details",3,2,950 sq.ft.,Permata Kurnia,,"Apartment / Condominium, For sale","Parking, Security, Lift, Swimming Pool, Playground, Gymnasium, Sauna, Barbeque area, Minimart, Multipurpose hall, Club house, Jogging Track",LSH Sentul,Lim Seong Hai Holdings Sdn Bhd,Leasehold,"Lot 30256 & 3952, Jalan Sentul Pasar, Sentul, Kuala Lumpur",2023,38,900,Apartment,2,Medium,Non Bumi Lot,VE,30338,REN 00029,"Bus Stop Duta–Ulu Klang Expressway
Bus Stop 1 Kg Chubadak Tambahan
Bus Stop 2 Kg Chubadak Tambahan
Bus Stop Kg Chubadak Hulu
Bus Stop SMK Batu Muda
Bus Stop Kg Chubadak Hulu (Selatan)
Bus Stop SMK Batu Muda (Opp)
Bus Stop Kg Chubadak
Bus Stop SJKC Sentul Peng Ming (Opp)
Bus Stop 1 Kg Chubadak Hulu (Utara)
Bus Stop 2 Kg Chubadak Hulu (Utara)",,"Park 2 at Kuala Lumpur, Malaysia
Park at Taman Kosmo Jaya, Kampung Chubadak Hulu, Kuala Lumpur, 51000, Malaysia","Permata Kurnia
SMK Batu Muda
SJK (C) Peng Ming",,RM 450 000,,,
